Workbook

Sheet Orders
A1: Date | B1: Active Sr No | C1: Name | D1: Op | E1: In | F1: Exp | G1: FOC | H1: Shop Sold | I1: Cl | J1: MSP | K1: Craft of Coffee | L1: Other | M1: Price | N1: Amount | O1: WH Price | P1: MSP Amt
A2: =IF(ROW()-1<=DAY(EOMONTH('Monthly Summary'!$B$1,0)),EOMONTH('Monthly Summary'!$B$1,-1)+ROW()-1,"") | B2: =IF(A2="","",ROW()-1) | I2: =D2+E2-F2-G2-H2 | N2: =H2*M2 | P2: =J2*O2
A3: =IF(ROW()-1<=DAY(EOMONTH('Monthly Summary'!$B$1,0)),EOMONTH('Monthly Summary'!$B$1,-1)+ROW()-1,"") | B3: =IF(A3="","",ROW()-1) | I3: =D3+E3-F3-G3-H3 | N3: =H3*M3 | P3: =J3*O3
A4: =IF(ROW()-1<=DAY(EOMONTH('Monthly Summary'!$B$1,0)),EOMONTH('Monthly Summary'!$B$1,-1)+ROW()-1,"") | B4: =IF(A4="","",ROW()-1) | I4: =D4+E4-F4-G4-H4 | N4: =H4*M4 | P4: =J4*O4
A5: =IF(ROW()-1<=DAY(EOMONTH('Monthly Summary'!$B$1,0)),EOMONTH('Monthly Summary'!$B$1,-1)+ROW()-1,"") | B5: =IF(A5="","",ROW()-1) | I5: =D5+E5-F5-G5-H5 | N5: =H5*M5 | P5: =J5*O5
A6: =IF(ROW()-1<=DAY(EOMONTH('Monthly Summary'!$B$1,0)),EOMONTH('Monthly Summary'!$B$1,-1)+ROW()-1,"") | B6: =IF(A6="","",ROW()-1) | I6: =D6+E6-F6-G6-H6 | N6: =H6*M6 | P6: =J6*O6
A7: =IF(ROW()-1<=DAY(EOMONTH('Monthly Summary'!$B$1,0)),EOMONTH('Monthly Summary'!$B$1,-1)+ROW()-1,"") | B7: =IF(A7="","",ROW()-1) | I7: =D7+E7-F7-G7-H7 | N7: =H7*M7 | P7: =J7*O7
A8: =IF(ROW()-1<=DAY(EOMONTH('Monthly Summary'!$B$1,0)),EOMONTH('Monthly Summary'!$B$1,-1)+ROW()-1,"") | B8: =IF(A8="","",ROW()-1) | I8: =D8+E8-F8-G8-H8 | N8: =H8*M8 | P8: =J8*O8
A9: =IF(ROW()-1<=DAY(EOMONTH('Monthly Summary'!$B$1,0)),EOMONTH('Monthly Summary'!$B$1,-1)+ROW()-1,"") | B9: =IF(A9="","",ROW()-1) | I9: =D9+E9-F9-G9-H9 | N9: =H9*M9 | P9: =J9*O9
A10: =IF(ROW()-1<=DAY(EOMONTH('Monthly Summary'!$B$1,0)),EOMONTH('Monthly Summary'!$B$1,-1)+ROW()-1,"") | B10: =IF(A10="","",ROW()-1) | I10: =D10+E10-F10-G10-H10 | N10: =H10*M10 | P10: =J10*O10
A11: =IF(ROW()-1<=DAY(EOMONTH('Monthly Summary'!$B$1,0)),EOMONTH('Monthly Summary'!$B$1,-1)+ROW()-1,"") | B11: =IF(A11="","",ROW()-1) | I11: =D11+E11-F11-G11-H11 | N11: =H11*M11 | P11: =J11*O11
A12: =IF(ROW()-1<=DAY(EOMONTH('Monthly Summary'!$B$1,0)),EOMONTH('Monthly Summary'!$B$1,-1)+ROW()-1,"") | B12: =IF(A12="","",ROW()-1) | I12: =D12+E12-F12-G12-H12 | N12: =H12*M12 | P12: =J12*O12
A13: =IF(ROW()-1<=DAY(EOMONTH('Monthly Summary'!$B$1,0)),EOMONTH('Monthly Summary'!$B$1,-1)+ROW()-1,"") | B13: =IF(A13="","",ROW()-1) | I13: =D13+E13-F13-G13-H13 | N13: =H13*M13 | P13: =J13*O13
... A32: =IF(ROW()-1<=DAY(EOMONTH('Monthly Summary'!$B$1,0)),EOMONTH('Monthly Summary'!$B$1,-1)+ROW()-1,"") | B32: =IF(A32="","",ROW()-1) | I32: =D32+E32-F32-G32-H32 | N32: =H32*M32 | P32: =J32*O32

Sheet Monthly Summary
A1: Selected Month | B1: 46054
A3: Total Sale Amount | B3: TRUE
A4: Total Shop Sold | B4: TRUE
A5: Total MSP Amount | B5: TRUE
A7: Payment
A8: Cash
A9: KPay
A10: Total Payment | B10: =B8+B9
A11: Checking Difference | B11: =B3-B10
